credential_types,display_credential_types,display_levels,display_products,display_roles,display_subjects,exam_display_name,exams,hidden,icon_url,last_modified,levels,locale,products,roles,subjects,title,uid,url
examination,,Intermediate,Microsoft Entra;Microsoft Entra ID;Azure;Azure Arc;Azure Automation;Microsoft Defender;Microsoft Defender for Cloud;Azure Disk Encryption;Azure Files;Azure Monitor;Azure Policy;Azure PowerShell;Microsoft Sentinel;Azure Virtual Machines;Microsoft Defender for Endpoint;Windows Server,Administrator;Identity and Access Administrator;Information Protection and Compliance Administrator;Network Engineer;Security Engineer;Support Engineer;Technology Manager,,AZ-800,,False,/media/learn/certification/badges/certification-exam.svg,2025-07-07T23:29:00Z,intermediate,en-us,entra;entra-id;azure;azure-arc;azure-automation;microsoft-defender;defender-for-cloud;azure-disk-encryption;azure-files;azure-monitor;azure-policy;azure-powershell;microsoft-sentinel;azure-virtual-machines;defender-endpoint;windows-server,administrator;identity-access-admin;ip-admin;network-engineer;security-engineer;support-engineer;technology-manager,,Administering Windows Server Hybrid Core Infrastructure,exam.az-800,/credentials/certifications/exams/az-800/
examination,,Intermediate,Microsoft Entra;Microsoft Entra ID;Azure;Azure Arc;Azure Automation;Microsoft Defender;Microsoft Defender for Cloud;Azure Disk Encryption;Azure Files;Azure Monitor;Azure Policy;Azure PowerShell;Microsoft Sentinel;Azure Virtual Machines;Microsoft Defender for Endpoint;Windows Server,Administrator;Identity and Access Administrator;Information Protection and Compliance Administrator;Network Engineer;Security Engineer;Support Engineer;Technology Manager,,AZ-801,,False,/media/learn/certification/badges/certification-exam.svg,2025-07-07T23:29:00Z,intermediate,en-us,entra;entra-id;azure;azure-arc;azure-automation;microsoft-defender;defender-for-cloud;azure-disk-encryption;azure-files;azure-monitor;azure-policy;azure-powershell;microsoft-sentinel;azure-virtual-machines;defender-endpoint;windows-server,administrator;identity-access-admin;ip-admin;network-engineer;security-engineer;support-engineer;technology-manager,,Configuring Windows Server Hybrid Advanced Services,exam.az-801,/credentials/certifications/exams/az-801/
examination,,Advanced,Azure,Solution Architect,,AZ-305,,False,/media/learn/certification/badges/certification-exam.svg,2025-07-07T23:29:00Z,advanced,en-us,azure,solution-architect,,Designing Microsoft Azure Infrastructure Solutions,exam.az-305,/credentials/certifications/exams/az-305/
examination,,Advanced,Azure;Azure DevOps;Azure Kubernetes Service (AKS);Azure Container Instances;Azure Automation,DevOps Engineer,,AZ-400,,False,/media/learn/certification/badges/certification-exam.svg,2025-07-07T23:29:00Z,advanced,en-us,azure;azure-devops;azure-kubernetes-service;azure-container-instances;azure-automation,devops-engineer,,Designing and Implementing Microsoft DevOps Solutions,exam.az-400,/credentials/certifications/exams/az-400/
certification;fundamentals,;Fundamentals,Intermediate,GitHub,Administrator;Developer;DevOps Engineer;Solution Architect;Student,Application development;DevOps,,,False,/media/learn/certification/badges/github-actions.svg,2025-07-01T23:54:00Z,intermediate,en-us,github,administrator;developer;devops-engineer;solution-architect;student,app-development;devops,GitHub Actions,certification.github-actions,/credentials/certifications/github-actions/
certification;fundamentals,;Fundamentals,Intermediate,GitHub,Administrator;DevOps Engineer;Technology Manager,Application development;DevOps,,,False,/media/learn/certification/badges/github-administration.svg,2025-07-07T23:29:00Z,intermediate,en-us,github,administrator;devops-engineer;technology-manager,app-development;devops,GitHub Administration (beta),certification.github-administration,/credentials/certifications/github-administration/
certification;fundamentals,;Fundamentals,Intermediate,GitHub,Administrator;Developer;DevOps Engineer;Solution Architect;Student,Application development;DevOps,,,False,/media/learn/certification/badges/github-advanced-security.svg,2025-07-01T23:54:00Z,intermediate,en-us,github,administrator;developer;devops-engineer;solution-architect;student,app-development;devops,GitHub Advanced Security,certification.github-advanced-security,/credentials/certifications/github-advanced-security/
certification;fundamentals,;Fundamentals,Intermediate,GitHub,App Maker;Developer;DevOps Engineer;Technology Manager,Artificial intelligence;Business applications;Automation;Machine learning,,,False,/media/learn/certification/badges/github-copilot.svg,2025-07-01T23:54:00Z,intermediate,en-us,github,maker;developer;devops-engineer;technology-manager,artificial-intelligence;business-applications;automation;machine-learning,GitHub Copilot,certification.github-copilot,/credentials/certifications/github-copilot/
certification;fundamentals,;Fundamentals,Beginner,GitHub,Administrator;App Maker;Developer;DevOps Engineer;Solution Architect,Application development;DevOps,,,False,/media/learn/certification/badges/github-foundations.svg,2025-07-01T23:54:00Z,beginner,en-us,github,administrator;maker;developer;devops-engineer;solution-architect,app-development;devops,GitHub Foundations,certification.github-foundations,/credentials/certifications/github-foundations/
examination,,Intermediate,Microsoft 365;Office 365,Administrator,,MS-102,,False,/media/learn/certification/badges/certification-exam.svg,2025-04-25T16:35:00Z,intermediate,en-us,m365;office-365,administrator,,Microsoft 365 Administrator,exam.ms-102,/credentials/certifications/exams/ms-102/
certification;role-based,;Role-based,Advanced,Microsoft 365;Microsoft Entra;Microsoft Entra ID;Office 365,Administrator,,,MS-102,False,/media/learn/certification/badges/microsoft-certified-expert-badge.svg,2025-04-25T16:35:00Z,advanced,en-us,m365;entra;entra-id;office-365,administrator,,Microsoft 365 Certified: Administrator Expert,certification.m365-enterprise-administrator,/credentials/certifications/m365-administrator-expert/
certification;role-based,;Role-based,Intermediate,Microsoft 365,Administrator,,,,False,/media/learn/certification/badges/microsoft-certified-associate-badge.svg,2025-04-30T17:01:00Z,intermediate,en-us,m365,administrator,,Microsoft 365 Certified: Collaboration Communications Systems Engineer Associate,certification.m365-collaboration-communications-systems-engineer,/credentials/certifications/m365-collaboration-communications-systems-engineer/
certification;role-based,;Role-based,Intermediate,Microsoft 365,Administrator,,,,False,/media/learn/certification/badges/microsoft-certified-associate-badge.svg,2025-03-07T18:18:00Z,intermediate,en-us,m365,administrator,,Microsoft 365 Certified: Endpoint Administrator Associate,certification.modern-desktop,/credentials/certifications/modern-desktop/
certification;fundamentals,;Fundamentals,Beginner,Office 365,Administrator,,,,False,/media/learn/certification/badges/microsoft-certified-fundamentals-badge.svg,2025-04-30T17:01:00Z,beginner,en-us,office-365,administrator,,Microsoft 365 Certified: Fundamentals,certification.microsoft-365-fundamentals,/credentials/certifications/microsoft-365-fundamentals/
certification;role-based,;Role-based,Intermediate,Microsoft 365,Administrator,,,,False,/media/learn/certification/badges/microsoft-certified-associate-badge.svg,2025-04-29T21:54:00Z,intermediate,en-us,m365,administrator,,Microsoft 365 Certified: Teams Administrator Associate,certification.m365-teams-administrator-associate,/credentials/certifications/m365-teams-administrator-associate/
applied skills,,Intermediate,GitHub,Developer,Application development;Artificial intelligence,,,False,,2025-05-15T19:01:00Z,intermediate,en-us,github,developer,app-development;artificial-intelligence,Microsoft Applied Skills: Accelerate app development by using GitHub Copilot,applied-skill.accelerate-app-development-by-using-github-copilot,/credentials/applied-skills/accelerate-app-development-by-using-github-copilot/
applied skills,,Intermediate,Windows;Active Directory,Administrator,Business applications;Device management;Technical infrastructure,,,False,,2025-05-21T16:47:00Z,intermediate,en-us,windows;active-directory,administrator,business-applications;device-management;infrastructure,Microsoft Applied Skills: Administer Active Directory Domain Services,applied-skill.administer-active-directory-domain-services,/credentials/applied-skills/administer-active-directory-domain-services/
applied skills,,Intermediate,GitHub,Developer,Business applications;Automation,,,False,,2025-06-24T19:57:00Z,intermediate,en-us,github,developer,business-applications;automation,Microsoft Applied Skills: Automate Azure Load Testing by using GitHub Actions,applied-skill.automate-azure-load-testing-by-using-github-actions,/credentials/applied-skills/automate-azure-load-testing-by-using-github-actions/
applied skills,,Intermediate,Azure;Azure Database for PostgreSQL,Developer,Artificial intelligence;Data management;Databases,,,False,,2024-12-13T17:46:00Z,intermediate,en-us,azure;azure-database-postgresql,developer,artificial-intelligence;data-management;databases,Microsoft Applied Skills: Build AI-powered solutions by using Microsoft Azure Database for PostgreSQL,applied-skill.build-ai-powered-solutions-by-using-microsoft-azure-database-for-postgresql,/credentials/applied-skills/build-ai-powered-solutions-by-using-microsoft-azure-database-for-postgresql/
applied skills,,Intermediate,Azure;Azure AI Language,AI Engineer;Developer;Solution Architect,Artificial intelligence,,,False,,2025-05-21T16:47:00Z,intermediate,en-us,azure;language-service,ai-engineer;developer;solution-architect,artificial-intelligence,Microsoft Applied Skills: Build a natural language processing solution with Azure AI Language,applied-skill.build-natural-language-solution-azure-ai,/credentials/applied-skills/build-natural-language-solution-azure-ai/
applied skills,,Intermediate,Azure;Azure Computer Vision,Developer;AI Engineer;App Maker,Artificial intelligence,,,False,,2025-05-21T16:47:00Z,intermediate,en-us,azure;azure-computer-vision,developer;ai-engineer;maker,artificial-intelligence,Microsoft Applied Skills: Build an Azure AI Vision solution,applied-skill.build-azure-ai-vision-solution,/credentials/applied-skills/build-azure-ai-vision-solution/
applied skills,,Intermediate,Microsoft Teams;Microsoft Graph;Microsoft Entra;Microsoft Entra ID;Microsoft Copilot,Developer,Application development;Backend development;Frontend development;Business applications;Custom app development,,,False,,2025-03-18T22:05:00Z,intermediate,en-us,office-teams;ms-graph;entra;entra-id;ms-copilot,developer,app-development;backend-development;frontend-development;business-applications;custom-app-development,Microsoft Applied Skills: Build collaborative apps for Microsoft Teams,applied-skill.build-collaborative-apps-microsoft-teams,/credentials/applied-skills/build-collaborative-apps-microsoft-teams/
applied skills,,Advanced,.NET;.NET Aspire,Developer,Business applications;Custom app development,,,False,,2025-05-02T19:21:00Z,advanced,en-us,dotnet;dotnet-aspire,developer,business-applications;custom-app-development,Microsoft Applied Skills: Build distributed apps with .NET Aspire,applied-skill.build-distributed-apps-with-dotnet-aspire,/credentials/applied-skills/build-distributed-apps-with-dotnet-aspire/
applied skills,,Intermediate,Microsoft Sentinel,Security Engineer;Security Operations Analyst,Security,,,False,,2025-05-02T19:21:00Z,intermediate,en-us,microsoft-sentinel,security-engineer;security-operations-analyst,security,Microsoft Applied Skills: Configure SIEM security operations using Microsoft Sentinel,applied-skill.configure-siem-security-operations-using-microsoft-sentinel,/credentials/applied-skills/configure-siem-security-operations-using-microsoft-sentinel/
applied skills,,Intermediate,Azure;Azure Database for PostgreSQL,Database Administrator,Data management;Databases,,,False,,2025-06-24T19:57:00Z,intermediate,en-us,azure;azure-database-postgresql,database-administrator,data-management;databases,Microsoft Applied Skills: Configure and migrate to Azure Database for PostgreSQL,applied-skill.configure-and-migrate-to-azure-database-for-postgresql,/credentials/applied-skills/configure-and-migrate-to-azure-database-for-postgresql/
applied skills,,Intermediate,Azure;Azure Virtual Network,Administrator,Technical infrastructure;Networking,,,False,,2025-05-21T16:47:00Z,intermediate,en-us,azure;azure-virtual-network,administrator,infrastructure;networking,Microsoft Applied Skills: Configure secure access to your workloads using Azure networking,applied-skill.configure-secure-workloads-use-azure-virtual-networking,/credentials/applied-skills/configure-secure-workloads-use-azure-virtual-networking/
applied skills,,Intermediate,Microsoft Power Platform,App Maker,Artificial intelligence,,,False,,2025-05-15T19:01:00Z,intermediate,en-us,power-platform,maker,artificial-intelligence,Microsoft Applied Skills: Create agents in Microsoft Copilot Studio,applied-skill.create-agents-in-microsoft-copilot-studio,/credentials/applied-skills/create-agents-in-microsoft-copilot-studio/
applied skills,,Intermediate,Azure;Azure AI services;Azure AI Document Intelligence,Developer;AI Engineer;Data Engineer,Artificial intelligence,,,False,,2025-06-20T17:57:00Z,intermediate,en-us,azure;ai-services;document-intelligence,developer;ai-engineer;data-engineer,artificial-intelligence,Microsoft Applied Skills: Create an intelligent document processing solution with Azure AI Document Intelligence,applied-skill.create-intelligent-document-solution-azure-ai,/credentials/applied-skills/create-intelligent-document-solution-azure-ai/
applied skills,,Intermediate,Microsoft Power Platform;Power Automate,Administrator,Business applications;Automation,,,False,,2025-05-21T16:47:00Z,intermediate,en-us,power-platform;power-automate,administrator,business-applications;automation,Microsoft Applied Skills: Create and manage automated processes by using Power Automate,applied-skill.create-and-manage-automated-processes-with-power-automate,/credentials/applied-skills/create-and-manage-automated-processes-with-power-automate/
applied skills,,Intermediate,Microsoft Power Platform;Power Apps,App Maker,Business applications;Custom app development,,,False,,2025-05-21T16:47:00Z,intermediate,en-us,power-platform;power-apps,maker,business-applications;custom-app-development,Microsoft Applied Skills: Create and manage canvas apps with Power Apps,applied-skill.create-manage-canvas-apps-power-apps,/credentials/applied-skills/create-manage-canvas-apps-power-apps/
applied skills,,Intermediate,Microsoft Power Platform;Power Apps;Microsoft Dataverse,App Maker,Business applications,,,False,,2025-05-21T16:47:00Z,intermediate,en-us,power-platform;power-apps;dataverse,maker,business-applications,Microsoft Applied Skills: Create and manage model-driven apps with Power Apps and Dataverse,applied-skill.create-and-manage-model-driven-apps-with-power-apps-and-dataverse,/credentials/applied-skills/create-and-manage-model-driven-apps-with-power-apps-and-dataverse/
applied skills,,Intermediate,Microsoft Defender;Microsoft Defender XDR,Security Operations Analyst,Security;Threat protection,,,False,,2025-05-21T16:47:00Z,intermediate,en-us,microsoft-defender;defender-xdr,security-operations-analyst,security;threat-protection,Microsoft Applied Skills: Defend against cyberthreats with Microsoft Defender XDR,applied-skill.defend-against-cyberthreats-with-microsoft-defender-xdr,/credentials/applied-skills/defend-against-cyberthreats-with-microsoft-defender-xdr/
applied skills,,Intermediate,Azure;Azure Monitor;Azure Virtual Machines;Azure Virtual Network;Windows Server,Administrator,Technical infrastructure;IT management and monitoring,,,False,,2025-05-21T16:47:00Z,intermediate,en-us,azure;azure-monitor;azure-virtual-machines;azure-virtual-network;windows-server,administrator,infrastructure;it-management-monitoring,Microsoft Applied Skills: Deploy and configure Azure Monitor,applied-skill.deploy-and-configure-azure-monitor,/credentials/applied-skills/deploy-and-configure-azure-monitor/
applied skills,,Intermediate,Azure;Azure Arc,Administrator,Technical infrastructure,,,False,,2025-05-21T16:47:00Z,intermediate,en-us,azure;azure-arc,administrator,infrastructure,Microsoft Applied Skills: Deploy and manage Microsoft Azure Arcâ€“enabled servers,applied-skill.deploy-and-manage-microsoft-azure-arc-enabled-servers,/credentials/applied-skills/deploy-and-manage-microsoft-azure-arc-enabled-servers/
applied skills,,Intermediate,Azure;Azure Container Apps;Azure Container Registry;Azure Pipelines,Developer;DevOps Engineer,Application development,,,False,,2025-05-21T16:47:00Z,intermediate,en-us,azure;azure-container-apps;azure-container-registry;azure-pipelines,developer;devops-engineer,app-development,Microsoft Applied Skills: Deploy cloud-native apps using Azure Container Apps,applied-skill.deploy-cloud-native-apps-using-azure-container-apps,/credentials/applied-skills/deploy-cloud-native-apps-using-azure-container-apps/
applied skills,,Intermediate,Azure;Azure Kubernetes Service (AKS),Administrator,Technical infrastructure;Containers,,,False,,2024-11-11T19:16:00Z,intermediate,en-us,azure;azure-kubernetes-service,administrator,infrastructure;containers,Microsoft Applied Skills: Deploy containers by using Azure Kubernetes Service,applied-skill.deploy-containers-by-using-azure-kubernetes-service,/credentials/applied-skills/deploy-containers-by-using-azure-kubernetes-service/
applied skills,,Intermediate,ASP.NET;ASP.NET Core;.NET,Developer,Application development,,,False,,2025-03-24T16:01:00Z,intermediate,en-us,aspnet;aspnet-core;dotnet,developer,app-development,Microsoft Applied Skills: Develop an ASP.NET Core web app that consumes an API,applied-skill.develop-an-aspnet-core-web-app-that-consumes-an-api,/credentials/applied-skills/develop-an-aspnet-core-web-app-that-consumes-an-api/
applied skills,,Intermediate,Azure;Azure SQL Database,Developer,Application development;Backend development;Technical infrastructure;Cloud computing,,,False,,2024-12-13T17:46:00Z,intermediate,en-us,azure;azure-sql-database,developer,app-development;backend-development;infrastructure;cloud-computing,Microsoft Applied Skills: Develop data-driven applications by using Microsoft Azure SQL Database,applied-skill.develop-data-driven-applications-by-using-microsoft-azure-sql-database,/credentials/applied-skills/develop-data-driven-applications-by-using-microsoft-azure-sql-database/
applied skills,,Intermediate,Azure;Azure OpenAI Service,AI Engineer;Developer,Artificial intelligence;Natural language processing,,,False,,2025-04-23T19:55:00Z,intermediate,en-us,azure;azure-openai,ai-engineer;developer,artificial-intelligence;natural-language-processing,Microsoft Applied Skills: Develop generative AI apps with Azure OpenAI and Semantic Kernel,applied-skill.develop-ai-agents-using-microsoft-azure-openai-and-semantic-kernel,/credentials/applied-skills/develop-ai-agents-using-microsoft-azure-openai-and-semantic-kernel/
applied skills,,Intermediate,Azure;Azure OpenAI Service,AI Engineer;App Maker;Developer,Artificial intelligence,,,False,,2024-11-11T19:16:00Z,intermediate,en-us,azure;azure-openai,ai-engineer;maker;developer,artificial-intelligence,Microsoft Applied Skills: Develop generative AI solutions with Azure OpenAI Service,applied-skill.develop-generative-ai-solutions-with-azure-openai-service,/credentials/applied-skills/develop-generative-ai-solutions-with-azure-openai-service/
applied skills,,Intermediate,Microsoft 365;Microsoft 365 Copilot,Developer,Artificial intelligence,,,False,,2025-06-24T19:57:00Z,intermediate,en-us,m365;microsoft-365-copilot,developer,artificial-intelligence,Microsoft Applied Skills: Extend Microsoft 365 Copilot with declarative agents by using Visual Studio Code,applied-skill.extend-microsoft-365-copilot-with-declarative-agents-by-using-visual-studio-code,/credentials/applied-skills/extend-microsoft-365-copilot-with-declarative-agents-by-using-visual-studio-code/
applied skills,,Beginner,Azure;Azure Resource Manager;Azure Managed Applications;Azure Storage Accounts;Azure Virtual Machines;Azure Virtual Network,Service Adoption Specialist;Support Engineer,Technical infrastructure;Networking;Virtual machine,,,False,,2025-07-16T06:32:00Z,beginner,en-us,azure;azure-resource-manager;azure-managed-applications;azure-storage-accounts;azure-virtual-machines;azure-virtual-network,service-adoption-specialist;support-engineer,infrastructure;networking;virtual-machine,Microsoft Applied Skills: Get started with Azure management tasks,applied-skill.get-started-with-azure-management-tasks,/credentials/applied-skills/get-started-with-azure-management-tasks/
applied skills,,Beginner,Visual Studio Code,Developer,Business applications;Custom app development,,,False,,2025-05-15T19:01:00Z,beginner,en-us,vs-code,developer,business-applications;custom-app-development,"Microsoft Applied Skills: Get started with classes, properties, and methods in C#",applied-skill.get-started-with-classes-properties-and-methods-in-c-sharp,/credentials/applied-skills/get-started-with-classes-properties-and-methods-in-c-sharp/
applied skills,,Beginner,Azure;Azure Firewall;Azure Key Vault;Azure Monitor,Security Engineer,Security;Cloud security,,,False,,2025-06-24T15:27:00Z,beginner,en-us,azure;azure-firewall;azure-key-vault;azure-monitor,security-engineer,security;cloud-security,Microsoft Applied Skills: Get started with cloud security and monitoring tasks,applied-skill.get-started-with-cloud-security-and-monitoring-tasks,/credentials/applied-skills/get-started-with-cloud-security-and-monitoring-tasks/
applied skills,,Beginner,Microsoft Entra;Microsoft Entra ID,Administrator;Identity and Access Administrator,Security;Identity and access,,,False,,2025-05-15T22:06:00Z,beginner,en-us,entra;entra-id,administrator;identity-access-admin,security;identity-access,Microsoft Applied Skills: Get started with identities and access using Microsoft Entra,applied-skill.get-started-with-identities-and-access-using-microsoft-entra,/credentials/applied-skills/get-started-with-identities-and-access-using-microsoft-entra/
applied skills,,Intermediate,Microsoft Power Platform;Power Automate;AI Builder,App Maker;Developer;Functional Consultant,Artificial intelligence;Business applications;Automation,,,False,,2025-06-30T22:44:00Z,intermediate,en-us,power-platform;power-automate;ai-builder,maker;developer;functional-consultant,artificial-intelligence;business-applications;automation,Microsoft Applied Skills: Implement AI models with Microsoft Power Platform AI Builder,applied-skill.implement-ai-models-with-microsoft-power-platform-ai-builder,/credentials/applied-skills/implement-ai-models-with-microsoft-power-platform-ai-builder/
applied skills,,Intermediate,Microsoft Fabric,Data Engineer;Data Analyst,Data management,,,False,,2024-12-13T17:46:00Z,intermediate,en-us,fabric,data-engineer;data-analyst,data-management,Microsoft Applied Skills: Implement a Real-Time Intelligence solution with Microsoft Fabric,applied-skill.implement-a-real-time-intelligence-solution-with-microsoft-fabric,/credentials/applied-skills/implement-a-real-time-intelligence-solution-with-microsoft-fabric/
applied skills,,Intermediate,Microsoft Fabric,Data Engineer;Data Analyst;Data Scientist,Artificial intelligence;Machine learning;Data management;Data engineering,,,False,,2024-12-13T17:46:00Z,intermediate,en-us,fabric,data-engineer;data-analyst;data-scientist,artificial-intelligence;machine-learning;data-management;data-engineering,Microsoft Applied Skills: Implement a data science and machine learning solution with Microsoft Fabric,applied-skill.implement-a-data-science-and-machine-learning-solution-with-microsoft-fabric,/credentials/applied-skills/implement-a-data-science-and-machine-learning-solution-with-microsoft-fabric/
applied skills,,Intermediate,Microsoft Fabric,Data Engineer,Data management;Data engineering;Data analytics,,,False,,2025-05-21T16:47:00Z,intermediate,en-us,fabric,data-engineer,data-management;data-engineering;data-analytics,Microsoft Applied Skills: Implement a data warehouse in Microsoft Fabric,applied-skill.work-with-data-warehouses-using-microsoft-fabric,/credentials/applied-skills/work-with-data-warehouses-using-microsoft-fabric/
applied skills,,Intermediate,Microsoft Fabric,Data Engineer;Data Analyst,Data management;Data analytics;Data engineering,,,False,,2025-05-21T16:47:00Z,intermediate,en-us,fabric,data-engineer;data-analyst,data-management;data-analytics;data-engineering,Microsoft Applied Skills: Implement a lakehouse in Microsoft Fabric,applied-skill.implement-lakehouse-microsoft-fabric,/credentials/applied-skills/implement-lakehouse-microsoft-fabric/
applied skills,,Intermediate,Microsoft Purview;Microsoft Purview Compliance Manager,Information Protection and Compliance Administrator;Security Operations Analyst,Security;Compliance,,,False,,2024-12-13T17:46:00Z,intermediate,en-us,microsoft-purview;compliance-manager,ip-admin;security-operations-analyst,security;compliance,Microsoft Applied Skills: Implement information protection and data loss prevention by using Microsoft Purview,applied-skill.implement-information-protection-and-data-loss-prevention-by-using-microsoft-purview,/credentials/applied-skills/implement-information-protection-and-data-loss-prevention-by-using-microsoft-purview/
applied skills,,Intermediate,Azure;Azure AI Search;Azure AI services,AI Engineer,Artificial intelligence,,,False,,2025-06-24T19:57:00Z,intermediate,en-us,azure;azure-cognitive-search;ai-services,ai-engineer,artificial-intelligence,Microsoft Applied Skills: Implement knowledge mining with Azure AI Search,applied-skill.implement-knowledge-mining-with-azure-ai-search,/credentials/applied-skills/implement-knowledge-mining-with-azure-ai-search/
applied skills,,Intermediate,Microsoft Purview;Microsoft Purview Compliance Manager,Administrator;Information Protection and Compliance Administrator,Security;Compliance,,,False,,2024-12-13T17:46:00Z,intermediate,en-us,microsoft-purview;compliance-manager,administrator;ip-admin,security;compliance,"Microsoft Applied Skills: Implement retention, eDiscovery, and Communication Compliance in Microsoft Purview",applied-skill.implement-retention-ediscovery-and-communication-compliance-in-microsoft-purview,/credentials/applied-skills/implement-retention-ediscovery-and-communication-compliance-in-microsoft-purview/
applied skills,,Intermediate,Azure;Azure DevOps,Administrator,Application development;DevOps,,,False,,2025-05-21T16:47:00Z,intermediate,en-us,azure;azure-devops,administrator,app-development;devops,Microsoft Applied Skills: Implement security through a pipeline using Azure DevOps,applied-skill.implement-security-through-pipeline-using-devops,/credentials/applied-skills/implement-security-through-pipeline-using-devops/
applied skills,,Intermediate,SQL Server;Azure;Azure SQL Database,Database Administrator;Data Engineer;Administrator,Data management;Databases,,,False,,2025-05-21T16:47:00Z,intermediate,en-us,sql-server;azure;azure-sql-database,database-administrator;data-engineer;administrator,data-management;databases,Microsoft Applied Skills: Migrate SQL Server workloads to Azure SQL Database,applied-skill.migrate-sql-workloads-azure-sql-database,/credentials/applied-skills/migrate-sql-workloads-azure-sql-database/
applied skills,,Intermediate,Microsoft 365;Microsoft 365 Apps,Administrator;Identity and Access Administrator;Information Protection and Compliance Administrator,Security;Information protection and governance,,,False,,2024-12-13T17:46:00Z,intermediate,en-us,m365;m365-apps,administrator;identity-access-admin;ip-admin,security;information-protection-governance,Microsoft Applied Skills: Prepare security and compliance to support Microsoft 365 Copilot,applied-skill.prepare-security-and-compliance-to-support-microsoft-365-copilot,/credentials/applied-skills/prepare-security-and-compliance-to-support-microsoft-365-copilot/
applied skills,,Intermediate,Microsoft Defender;Microsoft Defender for Cloud;Azure,Administrator,Security,,,False,,2025-05-21T16:47:00Z,intermediate,en-us,microsoft-defender;defender-for-cloud;azure,administrator,security,Microsoft Applied Skills: Secure Azure services and workloads with Microsoft Defender for Cloud regulatory compliance controls,applied-skill.secure-azure-services-and-workloads-with-microsoft-defender-for-cloud-regulatory-compliance-controls,/credentials/applied-skills/secure-azure-services-and-workloads-with-microsoft-defender-for-cloud-regulatory-compliance-controls/
applied skills,,Intermediate,Azure;Azure Blob Storage,Administrator,Technical infrastructure;Storage,,,False,,2025-05-21T16:47:00Z,intermediate,en-us,azure;azure-blob-storage,administrator,infrastructure;storage,Microsoft Applied Skills: Secure storage for Azure Files and Azure Blob Storage,applied-skill.secure-storage-azure-files-azure-blob-storage,/credentials/applied-skills/secure-storage-azure-files-azure-blob-storage/
applied skills,,Intermediate,Azure;Azure Machine Learning,AI Engineer;Data Engineer;Developer;Data Scientist,Artificial intelligence;Machine learning,,,False,,2025-05-02T19:21:00Z,intermediate,en-us,azure;azure-machine-learning,ai-engineer;data-engineer;developer;data-scientist,artificial-intelligence;machine-learning,Microsoft Applied Skills: Train and manage a machine learning model with Azure Machine Learning,applied-skill.train-and-deploy-a-machine-learning-model-with-azure-machine-learning,/credentials/applied-skills/train-and-deploy-a-machine-learning-model-with-azure-machine-learning/
certification;role-based,;Role-based,Intermediate,Windows,Business User,,,,False,/media/learn/certification/badges/microsoft-certified-expert-badge.svg,2025-02-05T01:17:00Z,intermediate,en-us,windows,business-user,,Microsoft Certified Educator,certification.microsoft-certified-educator,/credentials/certifications/microsoft-certified-educator/
certification;role-based,;Role-based,Intermediate,Azure,AI Engineer,Artificial intelligence,,,False,/media/learn/certification/badges/microsoft-certified-associate-badge.svg,2025-05-02T19:21:00Z,intermediate,en-us,azure,ai-engineer,artificial-intelligence,Microsoft Certified: Azure AI Engineer Associate,certification.azure-ai-engineer,/credentials/certifications/azure-ai-engineer/
certification;fundamentals,;Fundamentals,Beginner,Azure,AI Engineer,Artificial intelligence,,,False,/media/learn/certification/badges/microsoft-certified-fundamentals-badge.svg,2025-05-05T22:07:00Z,beginner,en-us,azure,ai-engineer,artificial-intelligence,Microsoft Certified: Azure AI Fundamentals,certification.azure-ai-fundamentals,/credentials/certifications/azure-ai-fundamentals/
certification;role-based,;Role-based,Intermediate,Azure,Administrator,,,,False,/media/learn/certification/badges/microsoft-certified-associate-badge.svg,2025-04-29T21:54:00Z,intermediate,en-us,azure,administrator,,Microsoft Certified: Azure Administrator Associate,certification.azure-administrator,/credentials/certifications/azure-administrator/
certification;specialty,;Specialty,Intermediate,Azure,Developer,Data management,,,False,/media/learn/certification/badges/microsoft-certified-specialty-badge.svg,2025-03-07T18:18:00Z,intermediate,en-us,azure,developer,data-management,Microsoft Certified: Azure Cosmos DB Developer Specialty,certification.azure-cosmos-db-developer-specialty,/credentials/certifications/azure-cosmos-db-developer-specialty/
certification;fundamentals,;Fundamentals,Beginner,Azure,Data Engineer,Data management;Databases,,,False,/media/learn/certification/badges/microsoft-certified-fundamentals-badge.svg,2025-03-07T18:18:00Z,beginner,en-us,azure,data-engineer,data-management;databases,Microsoft Certified: Azure Data Fundamentals,certification.azure-data-fundamentals,/credentials/certifications/azure-data-fundamentals/
certification;role-based,;Role-based,Intermediate,Azure,Data Scientist,Artificial intelligence;Machine learning,,,False,/media/learn/certification/badges/microsoft-certified-associate-badge.svg,2025-04-17T23:19:00Z,intermediate,en-us,azure,data-scientist,artificial-intelligence;machine-learning,Microsoft Certified: Azure Data Scientist Associate,certification.azure-data-scientist,/credentials/certifications/azure-data-scientist/
certification;role-based,;Role-based,Intermediate,Azure,Database Administrator,Data management;Databases,,,False,/media/learn/certification/badges/microsoft-certified-associate-badge.svg,2025-05-20T23:43:00Z,intermediate,en-us,azure,database-administrator,data-management;databases,Microsoft Certified: Azure Database Administrator Associate,certification.azure-database-administrator-associate,/credentials/certifications/azure-database-administrator-associate/
certification;role-based,;Role-based,Intermediate,Azure,Developer,Application development,,,False,/media/learn/certification/badges/microsoft-certified-associate-badge.svg,2025-07-21T18:01:00Z,intermediate,en-us,azure,developer,app-development,Microsoft Certified: Azure Developer Associate,certification.azure-developer,/credentials/certifications/azure-developer/
certification;fundamentals,;Fundamentals,Beginner,Azure,Administrator,,,,False,/media/learn/certification/badges/microsoft-certified-fundamentals-badge.svg,2025-03-07T18:18:00Z,beginner,en-us,azure,administrator,,Microsoft Certified: Azure Fundamentals,certification.azure-fundamentals,/credentials/certifications/azure-fundamentals/
certification;role-based,;Role-based,Intermediate,Azure,Network Engineer,Technical infrastructure,,,False,/media/learn/certification/badges/microsoft-certified-associate-badge.svg,2025-03-07T18:18:00Z,intermediate,en-us,azure,network-engineer,infrastructure,Microsoft Certified: Azure Network Engineer Associate,certification.azure-network-engineer-associate,/credentials/certifications/azure-network-engineer-associate/
certification;role-based,;Role-based,Intermediate,Azure,Security Engineer,Security,,,False,/media/learn/certification/badges/microsoft-certified-associate-badge.svg,2025-04-29T21:54:00Z,intermediate,en-us,azure,security-engineer,security,Microsoft Certified: Azure Security Engineer Associate,certification.azure-security-engineer,/credentials/certifications/azure-security-engineer/
certification;role-based,;Role-based,Advanced,Azure,Solution Architect,,,AZ-305,False,/media/learn/certification/badges/microsoft-certified-expert-badge.svg,2025-02-05T01:17:00Z,advanced,en-us,azure,solution-architect,,Microsoft Certified: Azure Solutions Architect Expert,certification.azure-solutions-architect,/credentials/certifications/azure-solutions-architect/
certification;specialty,;Specialty,Intermediate,Azure,Administrator,,,,False,/media/learn/certification/badges/microsoft-certified-specialty-badge.svg,2025-07-21T18:01:00Z,intermediate,en-us,azure,administrator,,Microsoft Certified: Azure Virtual Desktop Specialty,certification.azure-virtual-desktop-specialty,/credentials/certifications/azure-virtual-desktop-specialty/
certification;specialty,;Specialty,Intermediate,Azure,Solution Architect,Technical infrastructure,,,False,/media/learn/certification/badges/microsoft-certified-specialty-badge.svg,2025-04-29T21:54:00Z,intermediate,en-us,azure,solution-architect,infrastructure,Microsoft Certified: Azure for SAP Workloads Specialty,certification.azure-for-sap-workloads-specialty,/credentials/certifications/azure-for-sap-workloads-specialty/
certification;role-based,;Role-based,Advanced,Microsoft Defender;Microsoft Defender for Cloud;Microsoft Sentinel;Microsoft Entra;Microsoft Entra ID;Microsoft Defender for Identity;Microsoft Defender for Cloud Apps,Administrator;Security Engineer;Security Operations Analyst;Solution Architect,,,SC-100,False,/media/learn/certification/badges/microsoft-certified-expert-badge.svg,2025-07-22T16:54:00Z,advanced,en-us,microsoft-defender;defender-for-cloud;microsoft-sentinel;entra;entra-id;defender-identity;defender-for-cloud-apps,administrator;security-engineer;security-operations-analyst;solution-architect,,Microsoft Certified: Cybersecurity Architect Expert,certification.cybersecurity-architect-expert,/credentials/certifications/cybersecurity-architect-expert/
certification;role-based,;Role-based,Advanced,Azure;Azure DevOps;Azure Kubernetes Service (AKS);Azure Container Instances;Azure Automation,DevOps Engineer,,,AZ-400,False,/media/learn/certification/badges/microsoft-certified-expert-badge.svg,2025-02-05T01:17:00Z,advanced,en-us,azure;azure-devops;azure-kubernetes-service;azure-container-instances;azure-automation,devops-engineer,,Microsoft Certified: DevOps Engineer Expert,certification.devops-engineer,/credentials/certifications/devops-engineer/
certification;role-based,;Role-based,Intermediate,Dynamics 365,Business Analyst;Business Owner;Business User;Developer;Solution Architect;Support Engineer;Technology Manager,Business applications,,,False,/media/learn/certification/badges/microsoft-certified-associate-badge.svg,2025-05-10T14:31:00Z,intermediate,en-us,dynamics-365,business-analyst;business-owner;business-user;developer;solution-architect;support-engineer;technology-manager,business-applications,Microsoft Certified: Dynamics 365 Business Central Developer Associate,certification.d365-business-central-developer-associate,/credentials/certifications/d365-business-central-developer-associate/
certification;role-based,;Role-based,Intermediate,Dynamics 365;Business Central;Microsoft Power Platform,Functional Consultant,Business applications,,,False,/media/learn/certification/badges/microsoft-certified-associate-badge.svg,2025-04-29T21:54:00Z,intermediate,en-us,dynamics-365;dynamics-business-central;power-platform,functional-consultant,business-applications,Microsoft Certified: Dynamics 365 Business Central Functional Consultant Associate,certification.d365-business-central-functional-consultant-associate,/credentials/certifications/d365-business-central-functional-consultant-associate/
certification;role-based,;Role-based,Intermediate,Dynamics;Dynamics 365;Customer Engagement apps,Business Analyst;Functional Consultant,Business applications;Customer relationship management;Marketing and sales;Solution design,,,False,/media/learn/certification/badges/microsoft-certified-associate-badge.svg,2025-05-23T17:50:00Z,intermediate,en-us,dynamics;dynamics-365;dynamics-customer-engagement,business-analyst;functional-consultant,business-applications;customer-relationship-management;marketing-sales;solution-design,Microsoft Certified: Dynamics 365 Customer Experience Analyst Associate,certification.d365-customer-experience-analyst-associate,/credentials/certifications/d365-customer-experience-analyst-associate/
certification;role-based,;Role-based,Intermediate,Dynamics 365,Functional Consultant,Business applications,,,False,/media/learn/certification/badges/microsoft-certified-associate-badge.svg,2025-04-29T21:54:00Z,intermediate,en-us,dynamics-365,functional-consultant,business-applications,Microsoft Certified: Dynamics 365 Customer Service Functional Consultant Associate,certification.d365-functional-consultant-customer-service-v3,/credentials/certifications/d365-functional-consultant-customer-service-v3/
certification;role-based,;Role-based,Intermediate,Dynamics 365,Functional Consultant,Business applications,,,False,/media/learn/certification/badges/microsoft-certified-associate-badge.svg,2025-04-29T21:54:00Z,intermediate,en-us,dynamics-365,functional-consultant,business-applications,Microsoft Certified: Dynamics 365 Field Service Functional Consultant Associate,certification.d365-functional-consultant-field-service-v3,/credentials/certifications/d365-functional-consultant-field-service/
certification;role-based,;Role-based,Intermediate,Dynamics 365,Functional Consultant,Business applications;Business reporting;Finance and accounting,,,False,/media/learn/certification/badges/microsoft-certified-associate-badge.svg,2025-07-25T20:05:00Z,intermediate,en-us,dynamics-365,functional-consultant,business-applications;business-reporting;finance-accounting,Microsoft Certified: Dynamics 365 Finance Functional Consultant Associate,certification.d365-functional-consultant-financials,/credentials/certifications/d365-functional-consultant-financials/
certification;fundamentals,;Fundamentals,Beginner,Dynamics 365,Business Owner,Business applications,,,False,/media/learn/certification/badges/microsoft-certified-fundamentals-badge.svg,2025-04-30T17:01:00Z,beginner,en-us,dynamics-365,business-owner,business-applications,Microsoft Certified: Dynamics 365 Fundamentals (CRM),certification.d365-fundamentals-customer-engagement-apps-crm,/credentials/certifications/d365-fundamentals-customer-engagement-apps-crm/
certification;fundamentals,;Fundamentals,Beginner,Dynamics 365,Business Owner,Business applications,,,False,/media/learn/certification/badges/microsoft-certified-fundamentals-badge.svg,2025-03-07T18:18:00Z,beginner,en-us,dynamics-365,business-owner,business-applications,Microsoft Certified: Dynamics 365 Fundamentals (ERP),certification.d365-fundamentals-finance-and-operations-apps-erp,/credentials/certifications/d365-fundamentals-finance-and-operations-apps-erp/
certification;role-based,;Role-based,Intermediate,Dynamics 365,Functional Consultant,Business applications;Supply chain management,,,False,/media/learn/certification/badges/microsoft-certified-associate-badge.svg,2025-06-20T17:57:00Z,intermediate,en-us,dynamics-365,functional-consultant,business-applications;supply-chain-management,Microsoft Certified: Dynamics 365 Supply Chain Management Functional Consultant Associate,certification.d365-functional-consultant-supply-chain-management,/credentials/certifications/d365-functional-consultant-supply-chain-management/
certification;role-based,;Role-based,Advanced,Dynamics 365;Supply Chain Management,Functional Consultant,,,MB-335,False,/media/learn/certification/badges/microsoft-certified-expert-badge.svg,2025-06-20T17:57:00Z,advanced,en-us,dynamics-365;dynamics-scm,functional-consultant,,Microsoft Certified: Dynamics 365 Supply Chain Management Functional Consultant Expert,certification.d365-supply-chain-management-functional-consultant-expert,/credentials/certifications/d365-supply-chain-management-functional-consultant-expert/
certification;role-based,;Role-based,Intermediate,Dynamics 365,Developer,Application development;Backend development;DevOps;Business applications;Custom app development;Technical infrastructure;Application management;Migration,,,False,/media/learn/certification/badges/microsoft-certified-associate-badge.svg,2025-06-19T20:52:00Z,intermediate,en-us,dynamics-365,developer,app-development;backend-development;devops;business-applications;custom-app-development;infrastructure;application-management;migration,Microsoft Certified: Dynamics 365: Finance and Operations Apps Developer Associate,certification.d365-finance-and-operations-apps-developer-associate,/credentials/certifications/d365-finance-and-operations-apps-developer-associate/
certification;role-based,;Role-based,Advanced,Dynamics 365,Functional Consultant;Solution Architect,,,MB-700,False,/media/learn/certification/badges/microsoft-certified-expert-badge.svg,2025-03-21T07:13:00Z,advanced,en-us,dynamics-365,functional-consultant;solution-architect,,Microsoft Certified: Dynamics 365: Finance and Operations Apps Solution Architect Expert,certification.d365-finance-and-operations-apps-solution-architect-expert,/credentials/certifications/d365-finance-and-operations-apps-solution-architect-expert/
certification;role-based,;Role-based,Intermediate,Microsoft Fabric,Data Engineer;Data Analyst,Data management;Data analytics,,,False,/media/learn/certification/badges/microsoft-certified-associate-badge.svg,2025-04-11T16:58:00Z,intermediate,en-us,fabric,data-engineer;data-analyst,data-management;data-analytics,Microsoft Certified: Fabric Analytics Engineer Associate,certification.fabric-analytics-engineer-associate,/credentials/certifications/fabric-analytics-engineer-associate/
certification;role-based,;Role-based,Intermediate,Microsoft Fabric,Data Engineer,Data management;Data engineering,,,False,/media/learn/certification/badges/microsoft-certified-associate-badge.svg,2025-05-27T16:00:00Z,intermediate,en-us,fabric,data-engineer,data-management;data-engineering,Microsoft Certified: Fabric Data Engineer Associate,certification.fabric-data-engineer-associate,/credentials/certifications/fabric-data-engineer-associate/
certification;role-based,;Role-based,Intermediate,Azure,Security Engineer,Security,,,False,/media/learn/certification/badges/microsoft-certified-associate-badge.svg,2025-07-24T19:47:00Z,intermediate,en-us,azure,security-engineer,security,Microsoft Certified: Identity and Access Administrator Associate,certification.identity-and-access-administrator,/credentials/certifications/identity-and-access-administrator/
certification;role-based,;Role-based,Intermediate,Microsoft 365;Microsoft 365 Security Center,Administrator,Security;Information protection and governance,,,False,/media/learn/certification/badges/microsoft-certified-associate-badge.svg,2025-07-07T17:10:00Z,intermediate,en-us,m365;m365-security-center,administrator,security;information-protection-governance,Microsoft Certified: Information Security Administrator Associate,certification.information-security-administrator,/credentials/certifications/information-security-administrator/
certification;role-based,;Role-based,Intermediate,Microsoft Power Platform,Developer,,,,False,/media/learn/certification/badges/microsoft-certified-associate-badge.svg,2025-06-16T16:58:00Z,intermediate,en-us,power-platform,developer,,Microsoft Certified: Power Automate RPA Developer Associate,certification.power-automate-rpa-developer-associate,/credentials/certifications/power-automate-rpa-developer-associate/
certification;role-based,;Role-based,Intermediate,Microsoft Power Platform;Power BI,Data Analyst,Data management;Data analytics,,,False,/media/learn/certification/badges/microsoft-certified-associate-badge.svg,2025-04-29T21:54:00Z,intermediate,en-us,power-platform;power-bi,data-analyst,data-management;data-analytics,Microsoft Certified: Power BI Data Analyst Associate,certification.data-analyst-associate,/credentials/certifications/data-analyst-associate/
certification;role-based,;Role-based,Intermediate,Microsoft Power Platform,Developer,,,,False,/media/learn/certification/badges/microsoft-certified-associate-badge.svg,2025-04-29T21:54:00Z,intermediate,en-us,power-platform,developer,,Microsoft Certified: Power Platform Developer Associate,certification.power-platform-developer-associate,/credentials/certifications/power-platform-developer-associate/
certification;role-based,;Role-based,Intermediate,Microsoft Power Platform,Functional Consultant,Business applications,,,False,/media/learn/certification/badges/microsoft-certified-associate-badge.svg,2025-04-29T21:54:00Z,intermediate,en-us,power-platform,functional-consultant,business-applications,Microsoft Certified: Power Platform Functional Consultant Associate,certification.power-platform-functional-consultant-associate,/credentials/certifications/power-platform-functional-consultant-associate/
certification;fundamentals,;Fundamentals,Beginner,Microsoft Power Platform,App Maker,,,,False,/media/learn/certification/badges/microsoft-certified-fundamentals-badge.svg,2025-06-20T17:57:00Z,beginner,en-us,power-platform,maker,,Microsoft Certified: Power Platform Fundamentals,certification.power-platform-fundamentals,/credentials/certifications/power-platform-fundamentals/
certification;role-based,;Role-based,Advanced,Dynamics 365;Microsoft Power Platform;AI Builder;Power Automate;Power BI;Power Apps;Microsoft Copilot Studio;Azure;Microsoft Entra;Microsoft Entra ID;Customer Engagement apps;Microsoft Dataverse;Azure App Configuration;Azure App Service,Developer;Functional Consultant;Solution Architect,,,PL-600,False,/media/learn/certification/badges/microsoft-certified-expert-badge.svg,2025-03-07T18:18:00Z,advanced,en-us,dynamics-365;power-platform;ai-builder;power-automate;power-bi;power-apps;microsoft-copilot-studio;azure;entra;entra-id;dynamics-customer-engagement;dataverse;azure-app-configuration;azure-app-service,developer;functional-consultant;solution-architect,,Microsoft Certified: Power Platform Solution Architect Expert,certification.power-platform-solution-architect-expert,/credentials/certifications/power-platform-solution-architect-expert/
certification;role-based,;Role-based,Intermediate,Azure,Security Operations Analyst,Security,,,False,/media/learn/certification/badges/microsoft-certified-associate-badge.svg,2025-04-22T07:36:00Z,intermediate,en-us,azure,security-operations-analyst,security,Microsoft Certified: Security Operations Analyst Associate,certification.security-operations-analyst,/credentials/certifications/security-operations-analyst/
certification;fundamentals,;Fundamentals,Beginner,Azure,Security Engineer,Security,,,False,/media/learn/certification/badges/microsoft-certified-fundamentals-badge.svg,2025-07-18T20:16:00Z,beginner,en-us,azure,security-engineer,security,"Microsoft Certified: Security, Compliance, and Identity Fundamentals",certification.security-compliance-and-identity-fundamentals,/credentials/certifications/security-compliance-and-identity-fundamentals/
certification;role-based,;Role-based,Intermediate,Microsoft Entra;Microsoft Entra ID;Azure;Azure Arc;Azure Automation;Microsoft Defender;Microsoft Defender for Cloud;Azure Disk Encryption;Azure Files;Azure Monitor;Azure Policy;Azure PowerShell;Microsoft Sentinel;Azure Virtual Machines;Microsoft Defender for Endpoint;Windows Server,Administrator;Identity and Access Administrator;Information Protection and Compliance Administrator;Network Engineer;Security Engineer;Support Engineer;Technology Manager,,,AZ-800;AZ-801,False,/media/learn/certification/badges/microsoft-certified-associate-badge.svg,2025-06-12T18:25:00Z,intermediate,en-us,entra;entra-id;azure;azure-arc;azure-automation;microsoft-defender;defender-for-cloud;azure-disk-encryption;azure-files;azure-monitor;azure-policy;azure-powershell;microsoft-sentinel;azure-virtual-machines;defender-endpoint;windows-server,administrator;identity-access-admin;ip-admin;network-engineer;security-engineer;support-engineer;technology-manager,,Microsoft Certified: Windows Server Hybrid Administrator Associate,certification.windows-server-hybrid-administrator,/credentials/certifications/windows-server-hybrid-administrator/
examination,,Advanced,Microsoft Defender;Microsoft Defender for Cloud;Microsoft Sentinel;Microsoft Entra;Microsoft Entra ID;Microsoft Defender for Identity;Microsoft Defender for Cloud Apps,Administrator;Security Engineer;Security Operations Analyst;Solution Architect,,SC-100,,False,/media/learn/certification/badges/certification-exam.svg,2025-07-22T16:54:00Z,advanced,en-us,microsoft-defender;defender-for-cloud;microsoft-sentinel;entra;entra-id;defender-identity;defender-for-cloud-apps,administrator;security-engineer;security-operations-analyst;solution-architect,,Microsoft Cybersecurity Architect,exam.sc-100,/credentials/certifications/exams/sc-100/
examination,,Intermediate,Dynamics 365;Customer Service,Functional Consultant,,MB-230,,False,/media/learn/certification/badges/certification-exam.svg,2025-03-18T22:05:00Z,intermediate,en-us,dynamics-365;dynamics-customer-service,functional-consultant,,Microsoft Dynamics 365 Customer Service Functional Consultant,exam.mb-230,/credentials/certifications/exams/mb-230/
examination,,Intermediate,Dynamics 365;Field Service,Functional Consultant,,MB-240,,False,/media/learn/certification/badges/certification-exam.svg,2025-03-19T19:37:00Z,intermediate,en-us,dynamics-365;dynamics-field-service,functional-consultant,,Microsoft Dynamics 365 Field Service Functional Consultant,exam.mb-240,/credentials/certifications/exams/mb-240/
examination,,Advanced,Dynamics 365;Supply Chain Management,Functional Consultant,,MB-335,,False,/media/learn/certification/badges/certification-exam.svg,2025-07-07T23:29:00Z,advanced,en-us,dynamics-365;dynamics-scm,functional-consultant,,Microsoft Dynamics 365 Supply Chain Management Functional Consultant Expert,exam.mb-335,/credentials/certifications/exams/mb-335/
examination,,Intermediate,Dynamics 365;Finance,Functional Consultant,,MB-300,,False,/media/learn/certification/badges/certification-exam.svg,2024-03-01T15:59:00Z,intermediate,en-us,dynamics-365;dynamics-finance,functional-consultant,,Microsoft Dynamics 365: Core Finance and Operations,exam.mb-300,/credentials/certifications/exams/mb-300/
examination,,Advanced,Dynamics 365,Functional Consultant;Solution Architect,,MB-700,,False,/media/learn/certification/badges/certification-exam.svg,2025-03-21T07:13:00Z,advanced,en-us,dynamics-365,functional-consultant;solution-architect,,Microsoft Dynamics 365: Finance and Operations Apps Solution Architect,exam.mb-700,/credentials/certifications/exams/mb-700/
examination,,Advanced,Excel,Business User,,MO-211,,False,/media/learn/certification/badges/certification-exam.svg,2023-09-19T00:47:00Z,advanced,en-us,office-excel,business-user,,Microsoft Excel Expert (Microsoft 365 Apps),exam.mo-211,/credentials/certifications/exams/mo-211/
examination,,Intermediate,Office,Business User,,77-728,,False,/media/learn/certification/badges/certification-exam.svg,2023-09-19T00:47:00Z,intermediate,en-us,office,business-user,,Microsoft Excel Expert (Office 2016),exam.77-728,/credentials/certifications/exams/77-728/
certification;mos,;MOS,Advanced,Office,Business User,,,77-726;77-728;77-729,False,/media/learn/certification/badges/microsoft-certified-expert-badge.svg,2024-01-26T06:54:00Z,advanced,en-us,office,business-user,,Microsoft Office Specialist: 2016 Master,certification.microsoft-office-specialist-master-certification-2016,/credentials/certifications/microsoft-office-specialist-master-certification-2016/
certification;mos,;MOS,Intermediate,Access,Business User,,,,False,/media/learn/certification/badges/microsoft-certified-associate-badge.svg,2025-02-05T01:17:00Z,intermediate,en-us,office-access,business-user,,Microsoft Office Specialist: Access (Office 2016),certification.mos-access-2016,/credentials/certifications/mos-access-2016/
certification;mos,;MOS,Advanced,Access,Business User,,,,False,/media/learn/certification/badges/microsoft-certified-expert-badge.svg,2025-02-18T16:41:00Z,advanced,en-us,office-access,business-user,,Microsoft Office Specialist: Access Expert (Office 2019),certification.mos-access-expert-2019,/credentials/certifications/mos-access-expert-2019/
certification;mos,;MOS,Intermediate,PowerPoint;Word;Excel,Business User,,,MO-110,False,/media/learn/certification/badges/microsoft-certified-associate-badge.svg,2025-02-05T01:17:00Z,intermediate,en-us,office-powerpoint;office-word;office-excel,business-user,,Microsoft Office Specialist: Associate (Microsoft 365 Apps),certification.mos-associate-m365-apps,/credentials/certifications/microsoft-office-specialist-associate-m365-apps/
certification;mos,;MOS,Intermediate,Office,Business User,,,MO-100;MO-200;MO-300,False,/media/learn/certification/badges/microsoft-certified-associate-badge.svg,2025-02-05T01:17:00Z,intermediate,en-us,office,business-user,,Microsoft Office Specialist: Associate (Office 2019),certification.microsoft-office-specialist-associate-2019,/credentials/certifications/microsoft-office-specialist-associate-2019/
certification;mos,;MOS,Intermediate,Excel,Business User,,,,False,/media/learn/certification/badges/microsoft-certified-associate-badge.svg,2025-02-05T01:17:00Z,intermediate,en-us,office-excel,business-user,,Microsoft Office Specialist: Excel (Office 2016),certification.mos-excel-2016,/credentials/certifications/mos-excel-2016/
certification;mos,;MOS,Intermediate,Excel,Business User,,,,False,/media/learn/certification/badges/microsoft-certified-associate-badge.svg,2025-02-05T01:17:00Z,intermediate,en-us,office-excel,business-user,,Microsoft Office Specialist: Excel Associate (Microsoft 365 Apps),certification.mos-excel-associate-m365-apps,/credentials/certifications/mos-excel-associate-m365-apps/
certification;mos,;MOS,Intermediate,Excel,Business User,,,,False,/media/learn/certification/badges/microsoft-certified-associate-badge.svg,2025-02-05T01:17:00Z,intermediate,en-us,office-excel,business-user,,Microsoft Office Specialist: Excel Associate (Office 2019),certification.mos-excel-2019,/credentials/certifications/mos-excel-2019/
certification;mos,;MOS,Advanced,Excel,Business User,,,,False,/media/learn/certification/badges/microsoft-certified-expert-badge.svg,2025-02-05T01:17:00Z,advanced,en-us,office-excel,business-user,,Microsoft Office Specialist: Excel Expert (Microsoft 365 Apps),certification.mos-excel-expert-365-apps,/credentials/certifications/mos-excel-expert-m365-apps/
certification;mos,;MOS,Advanced,Excel,Business User,,,,False,/media/learn/certification/badges/certification-shield-3-stars.svg,2025-02-05T01:17:00Z,advanced,en-us,office-excel,business-user,,Microsoft Office Specialist: Excel Expert (Office 2016),certification.mos-excel-2016-expert,/credentials/certifications/mos-excel-2016-expert/
certification;mos,;MOS,Advanced,Excel,Business User,,,,False,/media/learn/certification/badges/microsoft-certified-expert-badge.svg,2025-02-18T16:41:00Z,advanced,en-us,office-excel,business-user,,Microsoft Office Specialist: Excel Expert (Office 2019),certification.mos-excel-expert-2019,/credentials/certifications/mos-excel-expert-2019/
certification;mos,;MOS,Advanced,Word;Excel,Business User,,,MO-211,False,/media/learn/certification/badges/microsoft-certified-expert-badge.svg,2025-02-05T01:17:00Z,advanced,en-us,office-word;office-excel,business-user,,Microsoft Office Specialist: Expert (Microsoft 365 Apps),certification.mos-expert-m365-apps,/credentials/certifications/microsoft-office-specialist-expert-m365-apps/
certification;mos,;MOS,Advanced,Office;Excel;Office 365,Business User,,,MO-101;MO-201;MO-500,False,/media/learn/certification/badges/microsoft-certified-expert-badge.svg,2025-02-05T01:17:00Z,advanced,en-us,office;office-excel;office-365,business-user,,Microsoft Office Specialist: Expert (Office 2019),certification.microsoft-office-specialist-expert-2019,/credentials/certifications/microsoft-office-specialist-expert-2019/
certification;mos,;MOS,Intermediate,Outlook,Business User,,,,False,/media/learn/certification/badges/microsoft-certified-associate-badge.svg,2025-02-05T01:17:00Z,intermediate,en-us,office-outlook,business-user,,Microsoft Office Specialist: Outlook (Office 2016),certification.mos-outlook-2016,/credentials/certifications/mos-outlook-2016/
certification;mos,;MOS,Intermediate,Outlook,Business User,,,,False,/media/learn/certification/badges/microsoft-certified-associate-badge.svg,2025-02-05T01:17:00Z,intermediate,en-us,office-outlook,business-user,,Microsoft Office Specialist: Outlook Associate (Office 2019),certification.mos-outlook-2019,/credentials/certifications/mos-outlook-2019/
certification;mos,;MOS,Intermediate,PowerPoint,Business User,,,,False,/media/learn/certification/badges/microsoft-certified-associate-badge.svg,2025-02-05T01:17:00Z,intermediate,en-us,office-powerpoint,business-user,,Microsoft Office Specialist: PowerPoint (Office 2016),certification.mos-powerpoint-2016,/credentials/certifications/mos-powerpoint-2016/
certification;mos,;MOS,Intermediate,PowerPoint,Business User,,,,False,/media/learn/certification/badges/microsoft-certified-associate-badge.svg,2025-02-05T01:17:00Z,intermediate,en-us,office-powerpoint,business-user,,Microsoft Office Specialist: PowerPoint Associate (Microsoft 365 Apps),certification.mos-powerpoint-associate-365-apps,/credentials/certifications/mos-powerpoint-associate-m365-apps/
certification;mos,;MOS,Intermediate,PowerPoint,Business User,,,,False,/media/learn/certification/badges/microsoft-certified-associate-badge.svg,2025-02-05T01:17:00Z,intermediate,en-us,office-powerpoint,business-user,,Microsoft Office Specialist: PowerPoint Associate (Office 2019),certification.mos-powerpoint-2019,/credentials/certifications/mos-powerpoint-2019/
certification;mos,;MOS,Intermediate,Word,Business User,,,,False,/media/learn/certification/badges/microsoft-certified-associate-badge.svg,2025-02-05T01:17:00Z,intermediate,en-us,office-word,business-user,,Microsoft Office Specialist: Word (Office 2016),certification.mos-word-2016,/credentials/certifications/mos-word-2016/
certification;mos,;MOS,Intermediate,Word,Business User,,,,False,/media/learn/certification/badges/microsoft-certified-associate-badge.svg,2025-02-05T01:17:00Z,intermediate,en-us,office-word,business-user,,Microsoft Office Specialist: Word Associate (Microsoft 365 Apps),certification.mos-word-associate-m365-apps,/credentials/certifications/mos-word-associate-m365-apps/
certification;mos,;MOS,Intermediate,Word,Business User,,,,False,/media/learn/certification/badges/microsoft-certified-associate-badge.svg,2025-02-05T01:17:00Z,intermediate,en-us,office-word,business-user,,Microsoft Office Specialist: Word Associate (Office 2019),certification.mos-word-2019,/credentials/certifications/mos-word-2019/
certification;mos,;MOS,Advanced,Word,Business User,,,,False,/media/learn/certification/badges/microsoft-certified-expert-badge.svg,2025-02-05T01:17:00Z,advanced,en-us,office-word,business-user,,Microsoft Office Specialist: Word Expert (Microsoft 365 Apps),certification.mos-word-expert-365-apps,/credentials/certifications/mos-word-expert-m365-apps/
certification;mos,;MOS,Advanced,Word,Business User,,,,False,/media/learn/certification/badges/microsoft-certified-expert-badge.svg,2025-02-05T01:17:00Z,advanced,en-us,office-word,business-user,,Microsoft Office Specialist: Word Expert (Office 2016),certification.mos-word-2016-expert,/credentials/certifications/mos-word-2016-expert/
certification;mos,;MOS,Advanced,Word,Business User,,,,False,/media/learn/certification/badges/microsoft-certified-expert-badge.svg,2025-02-18T16:41:00Z,advanced,en-us,office-word,business-user,,Microsoft Office Specialist: Word Expert (Office 2019),certification.mos-word-expert-2019,/credentials/certifications/mos-word-expert-2019/
examination,,Intermediate,Microsoft Power Platform;Power Apps;Power BI;Power Automate;Microsoft Dataverse;AI Builder;Microsoft Copilot Studio,Business Analyst;Developer;Functional Consultant,,PL-200,,False,/media/learn/certification/badges/certification-exam.svg,2025-07-08T20:15:00Z,intermediate,en-us,power-platform;power-apps;power-bi;power-automate;dataverse;ai-builder;microsoft-copilot-studio,business-analyst;developer;functional-consultant,,Microsoft Power Platform Functional Consultant,exam.pl-200,/credentials/certifications/exams/pl-200/
examination,,Advanced,Dynamics 365;Microsoft Power Platform;AI Builder;Power Automate;Power BI;Power Apps;Microsoft Copilot Studio;Azure;Microsoft Entra;Microsoft Entra ID;Customer Engagement apps;Microsoft Dataverse;Azure App Configuration;Azure App Service,Developer;Functional Consultant;Solution Architect,,PL-600,,False,/media/learn/certification/badges/certification-exam.svg,2025-04-29T21:54:00Z,advanced,en-us,dynamics-365;power-platform;ai-builder;power-automate;power-bi;power-apps;microsoft-copilot-studio;azure;entra;entra-id;dynamics-customer-engagement;dataverse;azure-app-configuration;azure-app-service,developer;functional-consultant;solution-architect,,Microsoft Power Platform Solution Architect,exam.pl-600,/credentials/certifications/exams/pl-600/
examination,,Intermediate,PowerPoint,Business User,,77-729,,False,/media/learn/certification/badges/certification-exam.svg,2023-12-15T19:39:00Z,intermediate,en-us,office-powerpoint,business-user,,Microsoft PowerPoint (Office 2016),exam.77-729,/credentials/certifications/exams/77-729/
examination,,Intermediate,Word,Business User,,MO-110,,False,/media/learn/certification/badges/certification-exam.svg,2023-10-31T21:24:00Z,intermediate,en-us,office-word,business-user,,Microsoft Word (Microsoft 365 Apps),exam.mo-110,/credentials/certifications/exams/mo-110/
examination,,Intermediate,Office,Business User,,77-726,,False,/media/learn/certification/badges/certification-exam.svg,2023-12-15T19:39:00Z,intermediate,en-us,office,business-user,,Microsoft Word Expert (Office 2016),exam.77-726,/credentials/certifications/exams/77-726/
